Zone,Inst_MW,Produktion_MW,Bevoelkerung,Engpass,Verbrauch_MW,Imbalance_MW,Imbalance_pct,BVI,BVI_norm
Nord,3086.99560546875,625.7642454355955,2553194,"Verbrauchsmaximum, Import-abhängig",1940.42744,-1314.6631945644044,-67.75121643117996,24.771705236056846,15.474289083468973
Mitte,9512.8046875,4080.545127199143,3208425,"AKW-Standorte, Transit-Drehscheibe",2438.403,1642.142127199143,67.3449846969161,20.6281785828635,12.885927537682276
West,2813.3388671875,648.9934000015259,1962930,"Engpass Westgrenze (Frankreich), PST-Massnahmen",1491.8268,-842.8333999984742,-56.496732730533736,19.057432170480965,11.904719993413183
Süd,8188.33056640625,2927.435217409134,711126,"Grosse Wasserkraft-Produktion, ENGPASS Göschenen-Airolo",540.45576,2386.979457409134,441.66047141566844,59.96927757409759,37.4613668484009
Ost,5830.08984375,2113.9380793380737,447213,"Alpenwasserkraft-Export, Nord-Süd-Achse",339.88188,1774.0561993380738,521.962571037348,35.65640024925217,22.273696537034677
