Zone,Inst_MW,Produktion_MW,Bevoelkerung,Engpass,Verbrauch_MW,Imbalance_MW,Imbalance_pct,BVI,BVI_norm
Nord,3086.99560546875,625.7642454355955,2621670,"Verbrauchsmaximum, Import-abhängig",1992.4692,-1366.7049545644045,-68.59352980534929,25.70952471889732,16.041930670723723
Mitte,9512.8046875,4080.545127199143,3256213,"AKW-Standorte, Transit-Drehscheibe",2474.72188,1605.8232471991428,64.88903905432568,20.138437014839408,12.56574806189751
West,2813.3388671875,648.9934000015259,1987240,"Engpass Westgrenze (Frankreich), PST-Massnahmen",1510.3023999999998,-861.308999998474,-57.02891023668333,19.442831419128506,12.13171216031744
Süd,8188.33056640625,2927.435217409134,730191,"Grosse Wasserkraft-Produktion, ENGPASS Göschenen-Airolo",554.94516,2372.4900574091344,427.51792941290535,59.506227317110785,37.1300046786069
Ost,5830.08984375,2113.9380793380737,455715,"Alpenwasserkraft-Export, Nord-Süd-Achse",346.34340000000003,1767.5946793380738,510.3589903367795,35.467509072074726,22.13060442845442
