segment,capex,annual_rev,opex_annual,net_annual,payback_years,roi_pct,rev_per_kwh
Privat_10kWh,4000,127.3779854749276,60.0,67.3779854749276,59.36657161541974,1.68444963687319,12.73779854749276
Gewerbe_100kWh,30000,1345.3402199491036,450.0,895.3402199491036,33.50681599192023,2.9844673998303453,13.453402199491036
Industrie_1MWh,220000,12915.348364788866,3300.0,9615.348364788866,22.8800862593428,4.370612893085848,12.915348364788866
Utility_10MWh,1800000,77252.08687936579,27000.0,50252.08687936579,35.81940794461026,2.7917826044092107,7.725208687936578
