segment,capex,annual_rev,opex_annual,net_annual,payback_years,roi_pct,rev_per_kwh
Privat_10kWh,4000,82.63150267245439,60.0,22.63150267245439,176.74478172713398,0.5657875668113597,8.26315026724544
Gewerbe_100kWh,30000,872.8008198934501,450.0,422.8008198934501,70.95539693503974,1.4093360663115004,8.728008198934502
Industrie_1MWh,220000,8382.978866108824,3300.0,5082.978866108824,43.281706612409494,2.3104449391403747,8.382978866108823
Utility_10MWh,1800000,50269.58192445082,27000.0,23269.581924450817,77.35420455099052,1.2927545513583787,5.026958192445082
