segment,capex,annual_rev,opex_annual,net_annual,payback_years,roi_pct,rev_per_kwh
Privat_10kWh,4000,127.34410856772227,60.0,67.34410856772227,59.39643548741221,1.6836027141930567,12.734410856772227
Gewerbe_100kWh,30000,1345.0597347749974,450.0,895.0597347749974,33.517316034266116,2.9835324492499917,13.450597347749975
Industrie_1MWh,220000,12903.190940489136,3300.0,9603.190940489136,22.909051935272085,4.365086791131426,12.903190940489136
Utility_10MWh,1800000,77309.85925519664,27000.0,50309.85925519664,35.77827540461809,2.794992180844258,7.730985925519664
